iteration,loss
0,2.318157434463501
1,0.5580291748046875
2,0.353619784116745
3,0.46779561042785645
4,0.9505643844604492
5,0.5115252137184143
6,0.8765057325363159
7,0.40400710701942444
8,0.5141542553901672
9,0.4324173033237457
10,0.32641613483428955
11,1.3732578754425049
12,1.0143895149230957
13,0.24244819581508636
14,0.9597933888435364
15,0.9905198216438293
16,1.1705464124679565
17,0.2745135724544525
18,0.46669846773147583
19,0.3178771734237671
20,0.8980381488800049
21,0.5642861723899841
22,0.36381494998931885
23,0.7542638778686523
24,1.0066092014312744
25,0.6187754273414612
26,0.5078826546669006
27,0.5691679120063782
28,0.5042583346366882
29,1.016717553138733
30,0.392263799905777
31,0.5790556073188782
32,1.121132254600525
33,0.8270647525787354
34,0.5300338268280029
35,0.4958547055721283
36,0.6992917060852051
37,0.4172998368740082
38,0.4344625771045685
39,0.8428369164466858
40,0.5740755200386047
41,0.8104569315910339
42,0.6845749020576477
43,0.3185243308544159
44,1.0096690654754639
45,0.7269322276115417
46,0.31977230310440063
47,0.620697021484375
48,0.42727816104888916
49,0.6263924837112427
50,0.4650958478450775
51,0.4579215347766876
52,0.4175206124782562
53,0.6257517337799072
54,0.5410845279693604
55,0.6504413485527039
56,0.38319486379623413
57,0.5576814413070679
58,0.170942485332489
59,0.953832745552063
60,0.2336045354604721
61,0.9917734265327454
62,0.5493491291999817
63,0.9196308851242065
64,0.19728168845176697
65,0.5661473870277405
66,0.5949968099594116
67,0.6734011173248291
68,0.7015991806983948
69,0.42607977986335754
70,0.27294763922691345
71,0.8812904953956604
72,0.5069606304168701
73,0.6734457015991211
74,0.8860689401626587
75,0.8761573433876038
76,0.44230136275291443
77,0.573111891746521
78,0.4511682391166687
79,0.4286969006061554
80,0.6068653464317322
81,0.2978183925151825
82,0.7336209416389465
83,0.23822075128555298
84,0.9677927494049072
85,0.88090580701828
86,0.6011528372764587
87,0.5200329422950745
88,1.0006836652755737
89,0.8373187780380249
90,0.581926167011261
91,0.44870710372924805
92,0.7678981423377991
93,0.5670297741889954
94,0.46589457988739014
95,0.46261894702911377
96,0.3174346685409546
97,0.4016231894493103
98,0.855063259601593
99,0.4943881928920746
100,0.6210212707519531
101,0.14623139798641205
102,0.27717941999435425
103,0.609127402305603
104,1.0206857919692993
105,0.5590744018554688
106,0.5293608903884888
107,0.7082589864730835
108,0.4192006289958954
109,0.22529460489749908
110,0.3777782618999481
111,0.45949679613113403
112,0.8701898455619812
113,0.5336822271347046
114,0.4711361229419708
115,0.8685514330863953
116,0.5169278979301453
117,0.3999987542629242
118,0.6780133843421936
119,0.8478387594223022
120,0.7329267859458923
121,0.9623411297798157
122,0.4410489797592163
123,0.4658033549785614
124,0.8563728332519531
125,1.04613196849823
126,0.6967653036117554
127,0.574163556098938
128,0.8429455757141113
129,0.722625732421875
130,0.8042571544647217
131,0.390797883272171
132,0.4659102261066437
133,0.6618689298629761
134,0.49144089221954346
135,0.5649145841598511
136,0.41344353556632996
137,0.22615265846252441
138,0.5056421756744385
139,0.9022258520126343
140,0.5876897573471069
141,0.5877382755279541
142,0.5311295986175537
143,0.4111000895500183
144,0.1864154040813446
145,0.5360164046287537
146,0.7857420444488525
147,0.6442961096763611
148,0.5224119424819946
149,0.6562034487724304
150,0.27266010642051697
151,0.49736160039901733
152,0.28101846575737
153,0.5819088220596313
154,0.5385715365409851
155,0.6176159381866455
156,0.5504356622695923
157,0.4189521372318268
158,0.1492389291524887
159,1.006636619567871
160,0.3534715175628662
161,0.41596582531929016
162,0.7868808507919312
163,0.24071750044822693
164,0.23391516506671906
165,0.6807530522346497
166,0.5409445762634277
167,0.7952563762664795
168,0.5583580732345581
169,0.3301926255226135
170,0.8629202246665955
171,0.8004418611526489
172,0.3409440815448761
173,0.6526862382888794
174,0.4304976463317871
175,0.47952529788017273
176,0.7010172009468079
177,0.848382294178009
178,0.5256991386413574
179,0.5466768741607666
180,0.3114852011203766
181,0.506584644317627
182,0.23271925747394562
183,0.7697054147720337
184,0.720297634601593
185,0.5446697473526001
186,0.7242208123207092
187,0.5279634594917297
188,0.34527483582496643
189,0.8050978183746338
190,0.7905908226966858
191,0.7105419039726257
192,0.7818580865859985
193,0.3869776725769043
194,0.33196279406547546
195,0.5636858940124512
196,0.8213096857070923
197,0.691452145576477
198,0.7617577910423279
199,0.2799533009529114
200,0.514352023601532
201,0.6962364315986633
202,0.5180578827857971
203,0.3212839961051941
204,0.5274580717086792
205,0.5265194773674011
206,0.29551008343696594
207,0.4595295190811157
208,0.24281653761863708
209,0.3843643367290497
210,0.2266816347837448
211,0.48013049364089966
212,0.8883519172668457
213,0.5854271650314331
214,0.5288124680519104
215,0.8521605134010315
216,0.9594428539276123
217,0.8330438137054443
218,0.33950281143188477
219,1.0009794235229492
220,0.41759082674980164
221,0.6385887265205383
222,0.4666523039340973
223,0.38809171319007874
224,0.7868658900260925
225,0.45372718572616577
226,0.5149664878845215
227,0.8554810285568237
228,0.42901861667633057
229,0.431321382522583
230,0.7111917734146118
231,0.6422554850578308
232,0.5128792524337769
233,0.8908703923225403
234,0.36837151646614075
235,0.4936889410018921
236,0.547656774520874
237,0.5636427998542786
238,0.3124021589756012
239,0.4209493398666382
240,0.6334487795829773
241,0.3350847363471985
242,0.3371325135231018
243,0.5954970121383667
244,0.5118975043296814
245,0.5382691621780396
246,0.5352840423583984
247,0.27362337708473206
248,0.5413278341293335
249,0.7338910698890686
250,0.3526623249053955
251,0.21382096409797668
252,0.5313009023666382
253,0.8217405676841736
254,0.41774359345436096
255,0.40662285685539246
256,0.1564127653837204
257,0.6075922250747681
258,0.2774173319339752
259,0.3541748821735382
260,0.47697532176971436
261,0.7424598336219788
262,0.2381444126367569
263,0.8909778594970703
264,0.5777854919433594
265,0.4924449920654297
266,1.0337198972702026
267,0.6064212918281555
268,0.3416347801685333
269,0.6785934567451477
270,0.6438024640083313
271,0.6840353012084961
272,0.7419702410697937
273,0.6625786423683167
274,0.6667822003364563
275,0.3187367022037506
276,0.24730923771858215
277,0.7591363191604614
278,0.7511712312698364
279,0.43495675921440125
280,0.4184887707233429
281,0.2808043360710144
282,0.605851948261261
283,0.7795647382736206
284,0.24063389003276825
285,0.3475353419780731
286,0.3485633134841919
287,0.4253298044204712
288,0.18028520047664642
289,0.5830968618392944
290,0.6935519576072693
291,0.5585893392562866
292,0.2853808104991913
293,0.5441980957984924
294,0.24103596806526184
295,0.29092058539390564
296,0.23912152647972107
297,0.4054248034954071
298,0.6471377611160278
299,0.55000901222229
300,0.6092709898948669
301,0.4791441559791565
302,0.3343459665775299
303,0.7450474500656128
304,0.47971633076667786
305,0.29056671261787415
306,0.26554301381111145
307,0.4988475739955902
308,0.5371415615081787
309,0.5352609753608704
310,0.332172691822052
311,0.9123502969741821
312,0.665181577205658
313,0.337891161441803
314,0.2882652282714844
315,0.5556744933128357
316,0.44419872760772705
317,0.2856585681438446
318,0.9878890514373779
319,0.6293833255767822
320,0.48343101143836975
321,0.28401434421539307
322,0.5307644009590149
323,0.3820114731788635
324,0.4639301300048828
325,0.13982124626636505
326,0.31804409623146057
327,0.3754419982433319
328,0.9284442663192749
329,0.9416257739067078
330,0.2936881184577942
331,0.3094228506088257
332,0.3466339111328125
333,0.49879857897758484
334,1.0473504066467285
335,0.4898970127105713
336,0.8418956398963928
337,0.6109628081321716
338,0.5554440021514893
339,0.41785162687301636
340,0.47276777029037476
341,0.39320987462997437
342,0.37825721502304077
343,0.446778267621994
344,0.6916660666465759
345,0.2495933175086975
346,0.5047770142555237
347,0.784299373626709
348,0.6430381536483765
349,0.5618388056755066
350,0.3784927427768707
351,0.23673105239868164
352,0.6330072283744812
353,0.3184540867805481
354,0.23220595717430115
355,0.6842264533042908
356,0.5175860524177551
357,0.3255469501018524
358,0.6666759252548218
359,0.2691400945186615
360,0.5570038557052612
361,0.4787156283855438
362,0.3156784772872925
363,0.4068782329559326
364,0.3398333787918091
365,0.633458137512207
366,0.34071484208106995
367,0.4731457531452179
368,0.5145348310470581
369,0.5607096552848816
370,0.496384859085083
371,0.5470887422561646
372,0.3572213053703308
373,0.1719934493303299
374,0.618564784526825
375,0.303802490234375
376,0.29558008909225464
377,0.5598936676979065
378,0.9193570017814636
379,0.41367819905281067
380,0.4514978229999542
381,0.45372503995895386
382,0.3016055226325989
383,0.3413412868976593
384,0.5466412305831909
385,0.272255003452301
386,0.1197565495967865
387,0.46599438786506653
388,0.4134121537208557
389,0.6985960006713867
390,0.4757227897644043
391,0.1574515849351883
392,0.5138478875160217
393,0.4744320511817932
394,0.720183253288269
395,0.7084075808525085
396,0.37519967555999756
397,0.3780740201473236
398,0.32320016622543335
399,0.22862526774406433
400,0.700566828250885
401,0.5882038474082947
402,0.1258315145969391
403,0.677800714969635
404,0.5440967679023743
405,0.30832016468048096
406,0.32742008566856384
407,0.4304305613040924
408,0.5748196244239807
409,0.46694958209991455
410,0.1528821587562561
411,0.5762091875076294
412,0.5026124119758606
413,0.3766337037086487
414,0.35399869084358215
415,0.33472955226898193
416,0.42157265543937683
417,0.2722429931163788
418,0.4982076585292816
419,0.631230890750885
420,0.42076876759529114
421,0.2171102911233902
422,0.36314335465431213
423,0.6626043915748596
424,0.4049561321735382
425,0.47687485814094543
426,0.527477502822876
427,0.3666478395462036
428,0.4696570634841919
429,0.569955587387085
430,0.2628561854362488
431,0.6947023272514343
432,0.5757525563240051
433,0.43224331736564636
434,0.4705162048339844
435,0.32422488927841187
436,0.7268929481506348
437,0.3392437994480133
438,0.4669196307659149
439,0.42390725016593933
440,0.4688672125339508
441,0.4616367220878601
442,0.41152888536453247
443,0.4546891748905182
444,0.3683200180530548
445,0.7180319428443909
446,0.18322058022022247
447,0.47603052854537964
448,0.4811002314090729
449,0.1837606430053711
450,0.4668349623680115
451,0.29176172614097595
452,0.4203890860080719
453,0.24725423753261566
454,0.2230563908815384
455,0.3872789740562439
456,0.39021024107933044
457,0.5569731593132019
458,0.738925039768219
459,0.05156351625919342
460,0.294075608253479
461,0.5483060479164124
462,0.3973410725593567
463,0.11946453899145126
464,0.5148881673812866
465,0.5047982335090637
466,0.46710431575775146
467,0.40794265270233154
468,0.26548412442207336
469,0.5521461367607117
470,0.39295417070388794
471,0.585789144039154
472,0.3211330771446228
473,0.4562482535839081
474,0.42876455187797546
475,0.3822179138660431
476,0.33203133940696716
477,0.4366525709629059
478,0.6515268087387085
479,0.5971742272377014
480,0.2668730318546295
481,0.31355416774749756
482,0.24330082535743713
483,0.6883957982063293
484,0.276262104511261
485,0.5769361257553101
486,0.1718902438879013
487,0.22718918323516846
488,0.3457220196723938
489,0.21068494021892548
490,0.36270201206207275
491,0.2617701590061188
492,0.2529601454734802
493,0.8021417260169983
494,0.5369657278060913
495,0.3706178367137909
496,0.3931136727333069
497,0.5906938910484314
498,0.5091065764427185
499,0.26891884207725525
500,0.6312697529792786
501,0.5440136790275574
502,0.25727909803390503
503,0.3467369079589844
504,0.47000786662101746
505,0.444574236869812
506,0.30074846744537354
507,0.16852301359176636
508,0.3359609544277191
509,0.5363296270370483
510,0.49742811918258667
511,0.42243707180023193
512,0.35425931215286255
513,0.46311789751052856
514,0.35013869404792786
515,0.30275648832321167
516,0.6586870551109314
517,0.5276026725769043
518,0.330870121717453
519,0.26346686482429504
520,0.24679414927959442
521,0.4203723073005676
522,0.17658844590187073
523,0.4173911213874817
524,0.5700333714485168
525,0.38494208455085754
526,0.24521270394325256
527,0.45843082666397095
528,0.45381903648376465
529,0.4383690655231476
530,0.3730815351009369
531,0.4106495976448059
532,0.23184554278850555
533,0.46594110131263733
534,0.4865041971206665
535,0.29869315028190613
536,0.5447604060173035
537,0.22583641111850739
538,0.3686599135398865
539,0.39903682470321655
540,0.3694109320640564
541,0.4458967447280884
542,0.15798628330230713
543,0.16167651116847992
544,0.24723085761070251
545,0.2549522817134857
546,0.4824385344982147
547,0.158234640955925
548,0.4493044316768646
549,0.39724546670913696
550,0.3532792329788208
551,0.1665135771036148
552,0.39879080653190613
553,0.26701274514198303
554,0.6538971066474915
555,0.551604688167572
556,0.3379780054092407
557,0.2739272713661194
558,0.4338209927082062
559,0.23560285568237305
560,0.5021131038665771
561,0.4855639338493347
562,0.3664339780807495
563,0.5304856300354004
564,0.47505396604537964
565,0.48378878831863403
566,0.3174995481967926
567,0.250419557094574
568,0.26257723569869995
569,0.17895132303237915
570,0.2906300723552704
571,0.39425769448280334
572,0.3660678565502167
573,0.3200094699859619
574,0.31291911005973816
575,0.3097653388977051
576,0.15298475325107574
577,0.46021729707717896
578,0.23339127004146576
579,0.35993853211402893
580,0.38820767402648926
581,0.3149646818637848
582,0.34082430601119995
583,0.28973448276519775
584,0.6589316129684448
585,0.47458615899086
586,0.42134028673171997
587,0.4135523736476898
588,0.3521493077278137
589,0.47224992513656616
590,0.42276713252067566
591,0.360488623380661
592,0.24259598553180695
593,0.5565060377120972
594,0.28898295760154724
595,0.5727270245552063
596,0.4099358022212982
597,0.26614272594451904
598,0.5137830376625061
599,0.3915306627750397
600,0.8012169003486633
601,0.6809787750244141
602,0.7600584030151367
603,0.22343088686466217
604,0.5457330942153931
605,0.6291478872299194
606,0.8130539059638977
607,0.24906037747859955
608,0.34502121806144714
609,0.4924527406692505
610,0.2949223816394806
611,0.33577802777290344
612,0.23613330721855164
613,0.4014020264148712
614,0.5002303123474121
615,0.4701310098171234
616,0.4452325999736786
617,0.3091581165790558
618,0.3198663592338562
619,0.6281270384788513
620,0.3280031979084015
621,0.38858166337013245
622,0.4393995702266693
623,0.37123411893844604
624,0.5078431963920593
625,0.05834922194480896
626,0.4153771996498108
627,0.2722342610359192
628,0.4146493077278137
629,0.5040768384933472
630,0.4170510470867157
631,0.42591309547424316
632,0.7197027206420898
633,0.1004144623875618
634,0.3256246745586395
635,0.413370281457901
636,0.1413804590702057
637,0.520606279373169
638,0.6228491067886353
639,0.3963606655597687
640,0.2902832627296448
641,0.44051700830459595
642,0.307435542345047
643,0.41079646348953247
644,0.5425718426704407
645,0.46477586030960083
646,0.310116171836853
647,0.14617784321308136
648,0.2680323123931885
649,0.2101246565580368
650,0.2963775396347046
651,0.311795711517334
652,0.39241209626197815
653,0.7912229895591736
654,0.5648278594017029
655,0.3945397436618805
656,0.30626407265663147
657,0.5162782073020935
658,0.24246393144130707
659,0.3905905485153198
660,0.697734534740448
661,0.2610814869403839
662,0.5004780292510986
663,0.23694603145122528
664,0.24067422747612
665,0.24137607216835022
666,0.4645407795906067
667,0.430715411901474
668,0.3146888315677643
669,0.39864757657051086
670,0.25071367621421814
671,0.2755548655986786
672,0.3346013128757477
673,0.4083641767501831
674,0.3625846207141876
675,0.5688607096672058
676,0.35454195737838745
677,0.29211562871932983
678,0.36656105518341064
679,0.5229920148849487
680,0.3207589089870453
681,0.13722869753837585
682,0.19331711530685425
683,0.3341226279735565
684,0.41231319308280945
685,0.18583202362060547
686,0.5539231896400452
687,0.2895757853984833
688,0.14838668704032898
689,0.5799762606620789
690,0.49743586778640747
691,0.5117107033729553
692,0.20852404832839966
693,0.3586474359035492
694,0.4563294053077698
695,0.2431325763463974
696,0.42918434739112854
697,0.49378135800361633
698,0.3870428502559662
699,0.6006757020950317
700,0.639578640460968
701,0.40415093302726746
702,0.5108323097229004
703,0.4174162745475769
704,0.48132291436195374
705,0.20697514712810516
706,0.32165297865867615
707,0.517871081829071
708,0.437799870967865
709,0.464689165353775
710,0.4594497084617615
711,0.36445650458335876
712,0.26381638646125793
713,0.4687717854976654
714,0.3766877353191376
715,0.2837250828742981
716,0.42234495282173157
717,0.49939101934432983
718,0.2243838757276535
719,0.4214778244495392
720,0.4375157058238983
721,0.25155895948410034
722,0.2793150246143341
723,0.33344170451164246
724,0.23217430710792542
725,0.24843275547027588
726,0.1332799345254898
727,0.47523394227027893
728,0.22788585722446442
729,0.22945930063724518
730,0.32284462451934814
731,0.42410510778427124
732,0.4202776551246643
733,0.40432512760162354
734,0.29840612411499023
735,0.40312767028808594
736,0.35415807366371155
737,0.24231113493442535
738,0.4371602535247803
739,0.39910581707954407
740,0.19537636637687683
741,0.6956183314323425
742,0.11811947822570801
743,0.3534230589866638
744,0.19560110569000244
745,0.3075569272041321
746,0.3380866050720215
747,0.33134913444519043
748,0.35931694507598877
749,0.46463868021965027
750,0.27506735920906067
751,0.28981149196624756
752,0.5922987461090088
753,0.4701921045780182
754,0.3049440383911133
755,0.5163238048553467
756,0.3367009460926056
757,0.33904847502708435
758,0.10958599299192429
759,0.23463021218776703
760,0.31515464186668396
761,0.43469491600990295
762,0.37898942828178406
763,0.2085374891757965
764,0.21377816796302795
765,0.535910964012146
766,0.27648302912712097
767,0.23619388043880463
768,0.2947893738746643
769,0.48057281970977783
770,0.22956104576587677
771,0.8042898178100586
772,0.5028536319732666
773,0.3546516001224518
774,0.6406374573707581
775,0.47758281230926514
776,0.35103529691696167
777,0.5432868599891663
778,0.2574712038040161
779,0.39743560552597046
780,0.583063542842865
781,0.20671387016773224
782,0.3997515141963959
783,0.4393138289451599
784,0.3417023718357086
785,0.5689286589622498
786,0.25405457615852356
787,0.460830420255661
788,0.3569992482662201
789,0.2535039782524109
790,0.2568652927875519
791,0.3275142312049866
792,0.6406753659248352
793,0.39179566502571106
794,0.26372525095939636
795,0.492329865694046
796,0.13031210005283356
797,0.35220828652381897
798,0.4791445732116699
799,0.2636425197124481
800,0.3568023145198822
801,0.5519599318504333
802,0.20062395930290222
803,0.2590623199939728
804,0.3234584927558899
805,0.2106679528951645
806,0.1227169930934906
807,0.3811219334602356
808,0.12079603224992752
809,0.287486732006073
810,0.3265550434589386
811,0.3697506785392761
812,0.29712238907814026
813,0.36058202385902405
814,0.41764703392982483
815,0.24917921423912048
816,0.3462793529033661
817,0.3139626979827881
818,0.24493259191513062
819,0.3558725118637085
820,0.3254871666431427
821,0.274767130613327
822,0.36356303095817566
823,0.42980560660362244
824,0.24718104302883148
825,0.14665594696998596
826,0.30844616889953613
827,0.34335842728614807
828,0.9817399978637695
829,0.43711167573928833
830,0.3564467132091522
831,0.3719717860221863
832,0.43278348445892334
833,0.2984406650066376
834,0.33619293570518494
835,0.40614813566207886
836,0.25622209906578064
837,0.363666296005249
838,0.9205909371376038
839,0.48062530159950256
840,0.3422054350376129
841,0.21020422875881195
842,0.4371035397052765
843,0.44660717248916626
844,0.199444979429245
845,0.16988372802734375
846,0.16223132610321045
847,0.22337070107460022
848,0.2962864935398102
849,0.36575350165367126
850,0.49981409311294556
851,0.05358365550637245
852,0.2717134654521942
853,0.34287598729133606
854,0.4406141936779022
855,0.2539198100566864
856,1.052164077758789
857,0.36757275462150574
858,0.3366381525993347
859,0.25905507802963257
860,0.5352845788002014
861,0.38592222332954407
862,0.5481917858123779
863,0.35721060633659363
864,0.471324622631073
865,0.1977311372756958
866,0.4314410090446472
867,0.4165921211242676
868,0.47297805547714233
869,0.37550321221351624
870,0.3424872159957886
871,0.3097039759159088
872,0.26733604073524475
873,0.49934542179107666
874,0.8229798674583435
875,0.367878794670105
876,0.14878670871257782
877,0.7484087347984314
878,0.24914249777793884
879,0.2936641275882721
880,0.24790962040424347
881,0.5400131344795227
882,0.2941732704639435
883,0.31249669194221497
884,0.44414329528808594
885,0.16700811684131622
886,0.17322158813476562
887,0.3408518433570862
888,0.3960421681404114
889,0.18975421786308289
890,0.63893723487854
891,0.4394341707229614
892,0.4210328161716461
893,0.12314584106206894
894,0.5847129225730896
895,0.25412747263908386
896,0.37701860070228577
897,0.3548489511013031
898,0.37255921959877014
899,0.2266550213098526
900,0.10903364419937134
901,0.23003333806991577
902,0.4801863729953766
903,0.38274574279785156
904,0.43350139260292053
905,0.2355436384677887
906,0.17090389132499695
907,0.3472786545753479
908,0.2650013267993927
909,0.37660035490989685
910,0.08768103271722794
911,0.24165502190589905
912,0.4350467920303345
913,0.13280165195465088
914,0.36074599623680115
915,0.40361905097961426
916,0.26140815019607544
917,0.3621326982975006
918,0.2634289264678955
919,0.22346964478492737
920,0.3368034064769745
921,0.4921576678752899
922,0.5203676223754883
923,0.27110555768013
924,0.2184658944606781
925,0.548185408115387
926,0.1921042650938034
927,0.14689452946186066
928,0.09812821447849274
929,0.5317232608795166
930,0.4093988537788391
931,0.6282269954681396
932,0.3833659887313843
933,0.32221898436546326
934,0.27621084451675415
935,0.27763843536376953
936,0.4769915044307709
937,0.3364376127719879
938,0.4191673696041107
939,0.4481918513774872
940,0.33652612566947937
941,0.3294488191604614
942,0.3650161027908325
943,0.292567640542984
944,0.4078424274921417
945,0.4218163788318634
946,0.44107043743133545
947,0.3414781987667084
948,0.14817069470882416
949,0.20345114171504974
950,0.3652659058570862
951,0.30295878648757935
952,0.2524578869342804
953,0.673974335193634
954,0.15113982558250427
955,0.31440824270248413
956,0.3052518963813782
957,0.3632281422615051
958,0.4303717315196991
959,0.3491934537887573
960,0.38314005732536316
961,0.3691199719905853
962,0.33026304841041565
963,0.42928993701934814
964,0.3191800117492676
965,0.43346115946769714
966,0.3023814857006073
967,0.35396596789360046
968,0.8726577758789062
969,0.3204204738140106
970,0.3746244013309479
971,0.13993583619594574
972,0.9918992519378662
973,0.20203325152397156
974,0.16865243017673492
975,0.2787324786186218
976,0.3784841001033783
977,0.22127270698547363
978,0.3681451976299286
979,0.1774066686630249
980,0.4086284935474396
981,0.2719320058822632
982,0.3649197220802307
983,0.20179012417793274
984,0.28624624013900757
985,0.4690556824207306
986,0.3461920917034149
987,0.5254513621330261
988,0.23933559656143188
989,0.22696098685264587
990,0.168498232960701
991,0.7129812836647034
992,0.23653608560562134
993,0.17482103407382965
994,0.36216142773628235
995,0.3498682975769043
996,0.267859548330307
997,0.2050224393606186
998,0.193109929561615
999,0.37267929315567017
1000,0.3060142695903778
1001,0.5290764570236206
1002,0.35530465841293335
1003,0.15062987804412842
1004,0.2962520122528076
1005,0.12871544063091278
1006,0.3153013288974762
1007,0.18538102507591248
1008,0.5167298316955566
1009,0.4641244411468506
1010,0.2092486470937729
1011,0.4997138977050781
1012,0.5801268219947815
1013,0.415670782327652
1014,0.31628867983818054
1015,0.1957915723323822
1016,0.3092939257621765
1017,0.30231449007987976
1018,0.4679315686225891
1019,0.38749822974205017
1020,0.32510173320770264
1021,0.486126571893692
1022,0.6156629920005798
1023,0.11336415261030197
1024,0.42697837948799133
1025,0.4426605701446533
1026,0.3828011453151703
1027,0.40812310576438904
1028,0.3524593412876129
1029,0.29404982924461365
1030,0.16177693009376526
1031,0.4593132436275482
1032,0.30080264806747437
1033,0.5196363925933838
1034,0.28923651576042175
1035,0.4830370843410492
1036,0.536868691444397
1037,0.34112879633903503
1038,0.23619262874126434
1039,0.5277020335197449
1040,0.4063607156276703
1041,0.23879294097423553
1042,0.338737815618515
1043,0.16170592606067657
1044,0.3788497745990753
1045,0.22895200550556183
1046,0.3993806540966034
1047,0.6153250336647034
1048,0.23459932208061218
1049,0.3768078088760376
1050,0.20436418056488037
1051,0.27550384402275085
1052,0.3104046583175659
1053,0.45338159799575806
1054,0.17932924628257751
1055,0.25276416540145874
1056,0.3573158085346222
1057,0.13953843712806702
1058,0.20351192355155945
1059,0.2928082048892975
1060,0.3632885813713074
1061,0.24911916255950928
1062,0.22885805368423462
1063,0.4211099445819855
1064,0.47860297560691833
1065,0.36644503474235535
1066,0.3409990966320038
1067,0.2839216887950897
1068,0.19857940077781677
1069,0.4017707109451294
1070,0.3001878261566162
1071,0.4380360543727875
1072,0.3336208462715149
1073,0.3447408974170685
1074,0.24987167119979858
1075,0.25635358691215515
1076,0.4764920771121979
1077,0.3807387053966522
1078,0.31672024726867676
1079,0.21704994142055511
1080,0.2763526737689972
1081,0.3275609612464905
1082,0.2845748960971832
1083,0.2103397250175476
1084,0.23724821209907532
1085,0.603647768497467
1086,0.30169838666915894
1087,0.3415757119655609
1088,0.35224127769470215
1089,0.24915386736392975
1090,0.3798288106918335
1091,0.4490649402141571
1092,0.2939623296260834
1093,0.18235255777835846
1094,0.6083288788795471
1095,0.3909783661365509
1096,0.258558064699173
1097,0.21048219501972198
1098,0.09700924158096313
1099,0.28217029571533203
1100,0.41469231247901917
1101,0.7502696514129639
1102,0.18141016364097595
1103,0.30906182527542114
1104,0.35175833106040955
1105,0.3054253160953522
1106,0.3737885355949402
1107,0.4047344923019409
1108,0.26408079266548157
1109,0.2898019850254059
1110,0.15331432223320007
1111,0.2301778644323349
1112,0.22328339517116547
1113,0.2988007068634033
1114,0.23024602234363556
1115,0.292346715927124
1116,0.1278669834136963
1117,0.41475650668144226
1118,0.34311968088150024
1119,0.1934434175491333
1120,0.8566319942474365
1121,0.20647062361240387
1122,0.27812761068344116
1123,0.10190737247467041
1124,0.2559254765510559
1125,0.5328633189201355
1126,0.28494179248809814
1127,0.15519100427627563
1128,0.30548524856567383
1129,0.3896965980529785
1130,0.4474524259567261
1131,0.18218746781349182
1132,0.4760935306549072
1133,0.47161898016929626
1134,0.1883545070886612
1135,0.36605292558670044
1136,0.39648139476776123
1137,0.41442325711250305
1138,0.1950783133506775
1139,0.36484166979789734
1140,0.3076312839984894
1141,0.23265068233013153
1142,0.37289947271347046
1143,0.287576287984848
1144,0.2344277948141098
1145,0.36440274119377136
1146,0.410751610994339
1147,0.11836142838001251
1148,0.21439668536186218
1149,0.5214290618896484
1150,0.4293619692325592
1151,0.3629876673221588
1152,0.3787218928337097
1153,0.48629772663116455
1154,0.19592899084091187
1155,0.14939595758914948
1156,0.2451314628124237
1157,0.4125436544418335
1158,0.2737636864185333
1159,0.250093936920166
1160,0.3603736460208893
1161,0.4153440594673157
1162,0.33833417296409607
1163,0.4262819290161133
1164,0.330333411693573
1165,0.5629186034202576
1166,0.3896176815032959
1167,0.1223742887377739
1168,0.301129549741745
1169,0.2721603512763977
1170,0.4744924008846283
1171,0.2797931134700775
1172,0.37289562821388245
1173,0.2095375508069992
1174,0.31492745876312256
1175,0.08761739730834961
1176,0.2115229070186615
1177,0.4190130829811096
1178,0.28805872797966003
1179,0.24969157576560974
1180,0.1472892165184021
1181,0.36103829741477966
1182,0.4557056427001953
1183,1.166010856628418
1184,0.385334849357605
1185,0.2697478234767914
1186,0.3294736444950104
1187,0.3236830234527588
1188,0.3018386960029602
1189,0.6121761202812195
1190,0.569116473197937
1191,0.2745530605316162
1192,0.34035393595695496
1193,0.2946729063987732
1194,0.3255382776260376
1195,0.20144256949424744
1196,0.3046177923679352
1197,0.5439664721488953
1198,0.31993040442466736
1199,0.48973220586776733
1200,0.46390849351882935
1201,0.4686245918273926
1202,0.39839503169059753
1203,0.2684340476989746
1204,0.2408488392829895
1205,0.3279789388179779
1206,0.7516171932220459
1207,0.29912829399108887
1208,0.42713186144828796
1209,0.41283342242240906
1210,0.31851261854171753
1211,0.29273056983947754
1212,0.45406562089920044
1213,0.5411960482597351
1214,0.3267618715763092
1215,0.28990334272384644
1216,0.44612783193588257
1217,0.3838980197906494
1218,0.24142596125602722
1219,0.4880039095878601
1220,0.3711441457271576
1221,0.15335142612457275
1222,0.2737463116645813
1223,0.666246235370636
1224,0.24782082438468933
1225,0.21887221932411194
1226,0.23564624786376953
1227,0.3876512944698334
1228,0.2772826850414276
1229,0.2682982385158539
1230,0.39816755056381226
1231,0.2543415129184723
1232,0.464659184217453
1233,0.2760605812072754
1234,0.2952324450016022
1235,0.3613779544830322
1236,0.372559130191803
1237,0.2153458595275879
1238,0.25550180673599243
1239,0.3798769414424896
1240,0.23906348645687103
1241,0.3676011860370636
1242,0.5039965510368347
1243,0.28005823493003845
1244,0.4499506652355194
1245,0.3679792881011963
1246,0.40752580761909485
1247,0.22385193407535553
1248,0.5128173232078552
1249,0.6122642755508423
1250,0.4663426876068115
1251,0.2399730235338211
1252,0.38361650705337524
1253,0.6044309735298157
1254,0.7034235596656799
1255,0.3227287828922272
1256,0.3067381978034973
1257,0.1909177005290985
1258,0.34317249059677124
1259,0.348937451839447
1260,0.35072994232177734
1261,0.17143100500106812
1262,0.44333145022392273
1263,0.25099101662635803
1264,0.8766897916793823
1265,0.5352484583854675
1266,0.3594273030757904
1267,0.12007807940244675
1268,0.21661069989204407
1269,0.19068562984466553
1270,0.39713186025619507
1271,0.4130750298500061
1272,0.2662544250488281
1273,0.3049275577068329
1274,0.20139247179031372
1275,0.5660119652748108
1276,0.3201480507850647
1277,0.32121741771698
1278,0.2591548562049866
1279,0.5122746229171753
1280,0.45092618465423584
1281,0.39656248688697815
1282,0.4131048321723938
1283,0.2656271457672119
1284,0.5684974789619446
1285,0.5215135216712952
1286,0.28641951084136963
1287,0.5022813081741333
1288,0.19018585979938507
1289,0.2658025026321411
1290,0.4640260338783264
1291,0.3216709494590759
1292,0.1677102893590927
1293,0.20052067935466766
1294,0.2594589293003082
1295,0.23496338725090027
1296,0.25342443585395813
1297,0.30996257066726685
1298,0.38424986600875854
1299,0.41209876537323
1300,0.23875115811824799
1301,0.5496825575828552
1302,0.2250748723745346
1303,0.23336893320083618
1304,0.19356808066368103
1305,0.3336876928806305
1306,0.2862311005592346
1307,0.5718017220497131
1308,0.42611053586006165
1309,0.3251539468765259
1310,0.20960822701454163
1311,0.43513303995132446
1312,0.21862131357192993
1313,0.5045214891433716
1314,0.27901965379714966
1315,0.43838921189308167
1316,0.6145792603492737
1317,0.31303727626800537
1318,0.2586653232574463
1319,0.6244609951972961
1320,0.3684178590774536
1321,0.16729260981082916
1322,0.3123820722103119
1323,0.3722286820411682
1324,0.40057897567749023
1325,0.3524838089942932
1326,0.34746813774108887
1327,0.3023872375488281
1328,0.35217583179473877
1329,0.3544180989265442
1330,0.5577012300491333
1331,0.5172948837280273
1332,0.44722339510917664
1333,0.24599392712116241
1334,0.2902798056602478
1335,0.32460904121398926
1336,0.4373481273651123
1337,0.44930848479270935
1338,0.2851101756095886
1339,0.21356946229934692
1340,0.4710383415222168
1341,0.3749532997608185
1342,0.41756486892700195
1343,0.20290507376194
1344,0.333790123462677
1345,0.3276149034500122
1346,0.16912388801574707
1347,0.4508061408996582
1348,0.5953860878944397
1349,0.33044612407684326
1350,0.36498212814331055
1351,0.3947916626930237
1352,0.12724320590496063
1353,0.3435863256454468
1354,0.3568513095378876
1355,0.31161585450172424
1356,0.6116607785224915
1357,0.37111783027648926
1358,0.21009354293346405
1359,0.21443042159080505
1360,0.5069106221199036
1361,0.3428930342197418
1362,0.1491660624742508
1363,0.12927396595478058
1364,0.5100123882293701
1365,0.29448261857032776
1366,0.35201331973075867
1367,0.24425503611564636
1368,0.2566787898540497
1369,0.2636807858943939
1370,0.3264755308628082
1371,0.6647822856903076
1372,0.2895486056804657
1373,0.3554450571537018
1374,0.18879704177379608
1375,0.4280931055545807
1376,0.286224901676178
1377,0.38507843017578125
1378,0.44646039605140686
1379,0.3906864523887634
1380,0.8968700170516968
1381,0.2184668481349945
1382,0.19708174467086792
1383,0.3187214434146881
1384,0.193743497133255
1385,0.14401493966579437
1386,0.4745742380619049
1387,0.2963066101074219
1388,0.35791024565696716
1389,0.8062202334403992
1390,0.5157462358474731
1391,0.4309388995170593
1392,0.509192168712616
1393,0.35299569368362427
1394,0.29357194900512695
1395,0.4081172049045563
1396,0.49029648303985596
1397,0.5018999576568604
1398,0.4853014349937439
1399,0.2501028776168823
1400,0.2201308161020279
1401,0.2532975971698761
1402,0.3242208957672119
1403,0.29035601019859314
1404,0.19970782101154327
1405,0.24339275062084198
1406,0.4401990473270416
1407,0.3821521997451782
1408,0.3111512064933777
1409,0.21604390442371368
1410,0.3057482838630676
1411,0.20466220378875732
1412,0.49181461334228516
1413,0.13859736919403076
1414,0.273909330368042
1415,0.3385769724845886
1416,0.3602413237094879
1417,0.26967209577560425
1418,0.2725808918476105
1419,0.47774457931518555
1420,0.21031519770622253
1421,0.5375505089759827
1422,0.29333704710006714
1423,0.30108875036239624
1424,0.2530176341533661
1425,0.6496461033821106
1426,0.14568443596363068
1427,0.48297882080078125
1428,0.7176066637039185
1429,0.31281304359436035
1430,0.490546852350235
1431,0.3500562310218811
1432,0.35780268907546997
1433,0.12681864202022552
1434,0.4739185571670532
1435,0.4964665174484253
1436,0.16095897555351257
1437,0.606691300868988
1438,0.22995491325855255
1439,0.23136284947395325
1440,0.2525985538959503
1441,0.6011743545532227
1442,0.31426629424095154
1443,0.37703976035118103
1444,0.11176174134016037
1445,0.3088732659816742
1446,0.436917781829834
1447,0.389987051486969
1448,0.5314621329307556
1449,0.2896546423435211
1450,0.2141307294368744
1451,0.20423145592212677
1452,0.3091427981853485
1453,0.31729522347450256
1454,0.3542705774307251
1455,0.2844845652580261
1456,0.3022090494632721
1457,0.14776182174682617
1458,0.3210485875606537
1459,0.3723539412021637
1460,0.3393798768520355
1461,0.23255133628845215
1462,0.25129377841949463
1463,0.3202718198299408
1464,0.4735391139984131
1465,0.4436868727207184
1466,0.3262782096862793
1467,0.304717481136322
1468,0.3352944552898407
1469,0.25514423847198486
1470,0.4196155369281769
1471,0.4379425048828125
1472,0.40151292085647583
1473,0.14680702984333038
1474,0.334259569644928
1475,0.28194311261177063
1476,0.32172325253486633
1477,0.4541623294353485
1478,0.42171579599380493
1479,0.47179967164993286
1480,0.45265159010887146
1481,0.48516926169395447
1482,0.4579401910305023
1483,0.29688701033592224
1484,0.20750123262405396
1485,0.2573273777961731
1486,0.29535484313964844
1487,0.2447928488254547
1488,0.7289894819259644
1489,0.3554513454437256
1490,0.3574017584323883
1491,0.16503825783729553
1492,0.2558448016643524
1493,0.3947015404701233
1494,0.20996463298797607
1495,0.4495149254798889
1496,0.28432297706604004
1497,0.2854011058807373
1498,0.24082344770431519
1499,0.18598487973213196
1500,0.4278255105018616
1501,0.4559788703918457
1502,0.20142686367034912
1503,0.3330698311328888
1504,0.34309622645378113
1505,0.3773445188999176
1506,0.3151165246963501
1507,0.3018345534801483
1508,0.31528666615486145
1509,0.2850693166255951
1510,0.47794780135154724
1511,0.5188002586364746
1512,0.2873174548149109
1513,0.34264421463012695
1514,0.5690514445304871
1515,0.34115275740623474
1516,0.22841137647628784
1517,0.46147605776786804
1518,0.2406204342842102
1519,0.42420461773872375
1520,0.556342363357544
1521,0.21701547503471375
1522,0.30845531821250916
1523,0.3075048625469208
1524,0.27673014998435974
1525,0.3287506103515625
1526,0.5110256671905518
1527,0.2695545256137848
1528,0.28470030426979065
1529,0.3573767840862274
1530,0.24293243885040283
1531,0.3205019235610962
1532,0.16069237887859344
1533,0.15713372826576233
1534,0.17911529541015625
1535,0.04213814437389374
1536,0.4598957300186157
1537,0.24194440245628357
1538,0.16035954654216766
1539,0.20115825533866882
1540,0.24728763103485107
1541,0.20207160711288452
1542,0.1923864185810089
1543,0.3140691816806793
1544,0.23930899798870087
1545,0.2498546689748764
1546,0.3445761203765869
1547,0.2974092662334442
1548,0.28398823738098145
1549,0.2835725247859955
1550,0.2430088222026825
1551,0.07431221753358841
1552,0.26419320702552795
1553,0.15069076418876648
1554,0.7298648357391357
1555,0.28839606046676636
1556,0.25156915187835693
1557,0.36756911873817444
1558,0.17910504341125488
1559,0.3399488031864166
1560,0.41738227009773254
1561,0.2658175230026245
1562,0.28136563301086426
1563,0.33236584067344666
1564,0.39371803402900696
1565,0.5126803517341614
1566,0.5041953921318054
1567,0.21488840878009796
1568,0.22912834584712982
1569,0.2678247094154358
1570,0.3809260427951813
1571,0.14558638632297516
1572,0.16939961910247803
1573,0.3589712679386139
1574,0.3496831953525543
1575,0.431497722864151
1576,0.31379032135009766
1577,0.39669468998908997
1578,0.44176942110061646
1579,0.35644426941871643
1580,0.24105291068553925
1581,0.2855048179626465
1582,0.3103964328765869
1583,0.27993202209472656
1584,0.21542175114154816
1585,0.2954937517642975
1586,0.32345113158226013
1587,0.4048670530319214
1588,0.20249046385288239
1589,0.13376647233963013
1590,0.2026207000017166
1591,0.2603810429573059
1592,0.39676088094711304
1593,0.3428013026714325
1594,0.21905222535133362
1595,0.3464164137840271
1596,0.2824575901031494
1597,0.19382213056087494
1598,0.2103375643491745
1599,0.844395637512207
1600,0.14969398081302643
1601,0.058907587081193924
1602,0.14451929926872253
1603,0.25462257862091064
1604,0.20301859080791473
1605,0.27604109048843384
1606,0.2930782437324524
1607,0.4090275466442108
1608,0.3494449853897095
1609,0.32129424810409546
1610,0.24379073083400726
1611,0.2324579507112503
1612,0.4700669050216675
1613,0.3783761262893677
1614,0.24797476828098297
1615,0.08413731306791306
1616,0.15214143693447113
1617,0.35768914222717285
1618,0.35363826155662537
1619,0.4042053520679474
1620,0.2997244596481323
1621,0.197412371635437
1622,0.24547089636325836
1623,0.320930540561676
1624,0.5607885122299194
1625,0.3800846338272095
1626,0.32355350255966187
1627,0.23165065050125122
1628,0.10794465988874435
1629,0.3197539448738098
1630,0.36227333545684814
1631,0.1132127121090889
1632,0.21968522667884827
1633,0.27392032742500305
1634,0.4287291467189789
1635,0.17847201228141785
1636,0.21840544044971466
1637,0.21392476558685303
1638,0.3161958158016205
1639,0.33629733324050903
1640,0.3223218023777008
1641,0.21861429512500763
1642,0.15222743153572083
1643,0.38722944259643555
1644,0.31391575932502747
1645,0.23355554044246674
1646,0.31432947516441345
1647,0.2776428759098053
1648,0.29224908351898193
1649,0.2041786164045334
1650,0.4691585302352905
1651,0.26721030473709106
1652,0.31844767928123474
1653,0.26631709933280945
1654,0.23598246276378632
1655,0.2800447940826416
1656,0.9237998723983765
1657,0.5186309218406677
1658,0.41488343477249146
1659,0.17077824473381042
1660,0.3565026521682739
1661,0.16983157396316528
1662,0.2933999001979828
1663,0.24767491221427917
1664,0.1387801468372345
1665,0.32703179121017456
1666,0.22691123187541962
1667,0.3201447129249573
1668,0.44685783982276917
1669,0.6900073885917664
1670,0.33698588609695435
1671,0.18740026652812958
1672,0.2833963632583618
1673,0.5421971678733826
1674,0.2917793393135071
1675,0.24835461378097534
1676,0.34627681970596313
1677,0.5944651961326599
1678,0.4109848439693451
1679,0.5043302774429321
1680,0.33611372113227844
1681,0.2086416333913803
1682,0.11331513524055481
1683,0.24931727349758148
1684,0.6229031682014465
1685,0.26662692427635193
1686,0.25799110531806946
1687,0.22844623029232025
1688,0.2222980558872223
1689,0.16854703426361084
1690,0.42902442812919617
1691,0.2736079692840576
1692,0.18239104747772217
1693,0.3253157436847687
1694,0.4316868185997009
1695,0.2843482196331024
1696,0.32732611894607544
1697,0.15872806310653687
1698,0.2496516853570938
1699,0.287885844707489
1700,0.1706194132566452
1701,0.11325712502002716
1702,0.25322669744491577
1703,0.32960033416748047
1704,0.40567293763160706
1705,0.2622565031051636
1706,0.27127909660339355
1707,0.3437809646129608
1708,0.5625665783882141
1709,0.38834431767463684
1710,0.29751449823379517
1711,0.33399468660354614
1712,0.31343820691108704
1713,0.3288972079753876
1714,0.2815195620059967
1715,0.23308472335338593
1716,0.6653192043304443
1717,0.2317267805337906
1718,0.11601115018129349
1719,0.20851589739322662
1720,0.17835082113742828
1721,0.2249879688024521
1722,0.2600899934768677
1723,0.38578930497169495
1724,0.07934512943029404
1725,0.3696717619895935
1726,0.23213806748390198
1727,0.1765289157629013
1728,0.4155944287776947
1729,0.37272727489471436
1730,0.2689911425113678
1731,0.4253843426704407
1732,0.28240445256233215
1733,0.08627063035964966
1734,0.4770232141017914
1735,0.14807918667793274
1736,0.08567193895578384
1737,0.39436620473861694
1738,0.39025938510894775
1739,0.2078278511762619
1740,0.30410289764404297
1741,0.4653841555118561
1742,0.2232402265071869
1743,0.35626089572906494
1744,0.47018882632255554
1745,0.15059487521648407
1746,0.2599676847457886
1747,0.23322634398937225
1748,0.3851441740989685
1749,0.15298670530319214
1750,0.3527752161026001
1751,0.3778296113014221
1752,0.2550012171268463
1753,0.29981672763824463
1754,0.25929906964302063
1755,0.22764280438423157
1756,0.09714283794164658
1757,0.16103865206241608
1758,0.09757915139198303
1759,0.437066912651062
1760,0.1995508223772049
1761,0.6939607262611389
1762,0.27497628331184387
1763,0.20449970662593842
1764,0.17249664664268494
1765,0.32856547832489014
1766,0.20217138528823853
1767,0.3103254735469818
1768,0.24787192046642303
1769,0.31016969680786133
1770,0.5315696001052856
1771,0.1572318822145462
1772,0.39092355966567993
1773,0.3545563817024231
1774,0.24670875072479248
1775,0.43329939246177673
1776,0.2381027191877365
1777,0.34155723452568054
1778,0.2812301814556122
1779,0.25305646657943726
1780,0.3323723077774048
1781,0.19475692510604858
1782,0.17502756416797638
1783,0.2978571653366089
1784,0.3217552900314331
1785,0.19111773371696472
1786,0.40803098678588867
1787,0.4261046350002289
1788,0.2884538471698761
1789,0.22030948102474213
1790,0.314424067735672
1791,0.22099752724170685
1792,1.0230571031570435
1793,0.07078524678945541
1794,0.28407570719718933
1795,0.3163408041000366
1796,0.2723539173603058
1797,0.3404166102409363
1798,0.3555522859096527
1799,0.23611219227313995
1800,0.2494739294052124
1801,0.16296695172786713
1802,0.29434069991111755
1803,0.3159591555595398
1804,0.28692761063575745
1805,0.22563602030277252
1806,0.14002685248851776
1807,0.23936983942985535
1808,0.2330274134874344
1809,0.15116633474826813
1810,0.267437607049942
1811,0.24720287322998047
1812,0.3559572994709015
1813,0.3518952429294586
1814,0.2405567616224289
1815,0.5676214098930359
1816,0.19286374747753143
1817,0.21847116947174072
1818,0.6583845019340515
1819,0.4031674861907959
1820,0.1734166443347931
1821,0.2739877700805664
1822,0.4656868577003479
1823,0.2950083613395691
1824,0.23129160702228546
1825,0.32133421301841736
1826,0.31872788071632385
1827,0.24381987750530243
1828,0.17778794467449188
1829,0.37921273708343506
1830,0.25394368171691895
1831,0.14884808659553528
1832,0.34675168991088867
1833,0.2454639971256256
1834,0.11862541735172272
1835,0.3071753978729248
1836,0.368368536233902
1837,0.22646157443523407
1838,0.2523249089717865
1839,0.2704927623271942
1840,0.2622568905353546
1841,0.3537760376930237
1842,0.22666200995445251
1843,0.2739394009113312
1844,0.2119847536087036
1845,0.0883932039141655
1846,0.21320268511772156
1847,0.37526774406433105
1848,0.35113731026649475
1849,0.27621617913246155
1850,0.3140885829925537
1851,0.3143538236618042
1852,0.20310381054878235
1853,0.7261418104171753
1854,0.36224737763404846
1855,0.28336918354034424
1856,0.15439172089099884
1857,0.21664395928382874
1858,0.47281286120414734
1859,0.29293620586395264
1860,0.38726261258125305
1861,0.25202035903930664
1862,0.33904725313186646
1863,0.18547974526882172
1864,0.38402724266052246
1865,0.2220657914876938
1866,0.4363565146923065
1867,0.4633159637451172
1868,0.15695013105869293
1869,0.30791664123535156
1870,0.3607129156589508
1871,0.6812430024147034
1872,0.42884117364883423
1873,0.2616890072822571
1874,0.4196526110172272
1875,0.2237337976694107
1876,0.24662131071090698
1877,0.47162923216819763
1878,0.34127503633499146
1879,0.17672500014305115
1880,0.4979666471481323
1881,0.3703990578651428
1882,0.38819974660873413
1883,0.3042892813682556
1884,0.0948578342795372
1885,0.30757230520248413
1886,0.2593315541744232
1887,0.30481210350990295
1888,0.3491257131099701
1889,0.2950981855392456
1890,0.09787305444478989
1891,0.22846223413944244
1892,0.5177496075630188
1893,0.08618389070034027
1894,0.3155825436115265
1895,0.08456151187419891
1896,0.2015739530324936
1897,0.3367271423339844
1898,0.22381167113780975
1899,0.2660088539123535
1900,0.30725759267807007
1901,0.37721043825149536
1902,0.2982288599014282
1903,0.301259845495224
1904,0.3133426606655121
1905,0.3004642724990845
1906,0.25762051343917847
1907,0.13967207074165344
1908,0.2730473577976227
1909,0.2956975996494293
1910,0.35076555609703064
1911,0.16648389399051666
1912,0.24274694919586182
1913,0.2640077471733093
1914,0.38261890411376953
1915,0.2889452874660492
1916,0.25318610668182373
1917,0.23938897252082825
1918,0.45178481936454773
1919,0.23328126966953278
1920,0.4680238366127014
1921,0.326919823884964
1922,0.14309634268283844
1923,0.2910693287849426
1924,0.20349642634391785
1925,0.3403732478618622
1926,0.5580676794052124
1927,0.21628159284591675
1928,0.33336883783340454
1929,0.20820970833301544
1930,0.142917200922966
1931,0.2965549826622009
1932,0.19298090040683746
1933,0.25982794165611267
1934,0.4225371181964874
1935,0.46503371000289917
1936,0.2855132520198822
1937,0.1974669247865677
1938,0.15078674256801605
1939,0.45236238837242126
1940,0.3036230206489563
1941,0.2786250114440918
1942,0.43596509099006653
1943,0.18479539453983307
1944,0.28501877188682556
1945,0.4214777946472168
1946,0.16528134047985077
1947,0.3689337968826294
1948,0.17539210617542267
1949,0.09565199166536331
1950,0.1890408992767334
1951,0.15207497775554657
1952,0.32703182101249695
1953,0.4738091826438904
1954,0.3064974248409271
1955,0.3116859197616577
1956,0.2893941104412079
1957,0.18972690403461456
1958,0.2858990430831909
1959,0.24866239726543427
1960,0.21541528403759003
1961,0.15412473678588867
1962,0.3628283739089966
1963,0.3041391670703888
1964,0.16652721166610718
1965,0.18975937366485596
1966,0.25112107396125793
1967,0.46510252356529236
1968,0.27236872911453247
1969,0.4329787790775299
1970,0.3834349811077118
1971,0.3444409668445587
1972,0.516104519367218
1973,0.43578383326530457
1974,0.16645094752311707
1975,0.19043970108032227
1976,0.10613644868135452
1977,0.48813310265541077
1978,0.1470383107662201
1979,0.2817431390285492
1980,0.3180381953716278
1981,0.3029650151729584
1982,0.18181388080120087
1983,0.27663278579711914
1984,0.27432477474212646
1985,0.40931421518325806
1986,0.0945301204919815
1987,0.42855045199394226
1988,0.5137795209884644
1989,0.4037303328514099
1990,0.34754663705825806
1991,0.22036883234977722
1992,0.3725496530532837
1993,0.364968866109848
1994,0.19832392036914825
1995,0.2683010697364807
1996,0.2511197030544281
1997,0.2869512140750885
1998,0.3292968273162842
1999,0.33671247959136963
